train_loss,val_loss,train_acc,val_acc,train_micro_f1,val_micro_f1,train_macro_f1,val_macro_f1
0.22089314579963684,0.12937014335393907,0.15975,0.43225,0.5740332969769308,0.804953560371517,0.3658114552328711,0.5299672191316301
0.11496124878525733,0.08696218365430831,0.5211875,0.6445,0.8344686533358124,0.8817062734513856,0.5518297675893963,0.5853444566965901
0.08312518079578876,0.07503262084722519,0.665125,0.70725,0.8881615372089237,0.8989754895603683,0.5906034246836529,0.5966962417224194
0.06653839050233364,0.05513921561837196,0.74425,0.77625,0.915161642779099,0.9269997411338338,0.609286850472016,0.6167430043168186
0.05599601472914219,0.05134617137908935,0.7878125,0.79425,0.9298041156468015,0.9330924575779083,0.6193356237963459,0.6212128840538921
0.05101367308199406,0.052641587883234024,0.8144375,0.802,0.9370740464200041,0.9323183213920164,0.6243022950405437,0.6205391630963281
0.04381607410311699,0.0471870983839035,0.8438125,0.829,0.9469833729216152,0.9389521930103762,0.6310503994390232,0.6254804184829952
0.05251744080334902,0.054400603979825976,0.80975,0.8,0.934076934076934,0.9272611464968152,0.622344907491848,0.6174878066598187
0.04474110724031925,0.046017260193824766,0.842375,0.84075,0.9449746000094953,0.9425491439441979,0.6297244228999896,0.6280130610768672
0.036808257445693014,0.04326520746946335,0.87225,0.85225,0.9550886387674239,0.9459887291838156,0.6365484109572708,0.6302689315238375
0.03152498910203576,0.040086980909109116,0.893375,0.86525,0.9624927143554765,0.949214560595546,0.6415682932351852,0.6325219390490247
0.027278827987611293,0.037358825638890265,0.908,0.8805,0.9670716564764315,0.9541099344427635,0.6446383159715962,0.6359116676879398
0.02464426300302148,0.03216492918878794,0.9179375,0.895,0.9710425013748134,0.9607620489528135,0.6473199198435131,0.640049556104531
0.022624019663780928,0.047159255623817446,0.9258125,0.8565,0.9733666054585118,0.9440020225003161,0.6488694608252679,0.6289275656152798
0.020982578568160534,0.03772912475466728,0.93175,0.88425,0.9756082257533215,0.955453342574507,0.6503813132932488,0.6369552242056052
0.01443476658500731,0.0324803297072649,0.955625,0.91325,0.9837292700878525,0.9637149840195526,0.6558375314521846,0.642419932550138
0.011332835908047855,0.036748165294528005,0.9679375,0.909,0.9879065692517092,0.9621811785400176,0.6586307673431941,0.6413287941077395
0.011082717262208462,0.027747581553645432,0.9685,0.92575,0.9883611788999437,0.9709898684790133,0.6589335211482197,0.6471179099450156
0.01078180757095106,0.03672955454140901,0.9704375,0.9125,0.9888920178979317,0.9637994855386159,0.6592871796447651,0.6422476050849675
0.010745240046875552,0.04444604979828,0.9695,0.9055,0.9886146820556129,0.9605676252668592,0.6591042413833578,0.6400353052218849
0.010013227547518908,0.036542954191565516,0.971375,0.91575,0.9894289109901795,0.9656426332288401,0.6596475438007927,0.6435281597049525
0.012195786361349747,0.04173923147842288,0.965,0.908,0.9869573376704617,0.9618904350006268,0.6579923825934149,0.6412976819464734
0.01419612711877562,0.04207183681428432,0.9561875,0.882,0.9840097631191914,0.952823086574655,0.6560238049065387,0.6348773860743399
0.01642851891554892,0.03873443309962749,0.9459375,0.9,0.9808550273164165,0.9609832965647652,0.6539144880515694,0.6402478113923874
0.01432517468230799,0.04427773249521851,0.954875,0.89125,0.983673277710815,0.9548952142633719,0.6557881717884156,0.6366417821815976
0.012889909423654899,0.03861743395030499,0.9595625,0.90425,0.9854015740639327,0.9607830833908515,0.6569458134001741,0.6403043186995373
0.011521864521550015,0.036472007885575294,0.9648125,0.9155,0.9871828980109235,0.96467050864445,0.658136405830931,0.6429245921387671
0.010261986288009211,0.05179664868861437,0.9704375,0.8925,0.9889728309323823,0.9549742170796126,0.6593289143014973,0.6357345011523319
0.00991196745960042,0.042001602042466404,0.9731875,0.91525,0.9896949131339036,0.9650270474273493,0.6598165783354324,0.643124460245777
0.009867897398769856,0.0383093229457736,0.9716875,0.91525,0.9895849623119507,0.9649277184160905,0.6597425013244771,0.6431333585905469
0.00974952519906219,0.03571828666701913,0.9721875,0.92325,0.9897555406102883,0.9676489028213167,0.6598489038054839,0.6450295354404175
0.00844504530937411,0.0373714322312735,0.975875,0.92425,0.9910566309140373,0.9685913108895994,0.6607260805517706,0.645552639233732
0.008737841935129836,0.052868536204099655,0.9745,0.908,0.9905265132566283,0.9602906175623199,0.660370863811489,0.6402345249859294
0.008012110455485527,0.046295287512242794,0.97825,0.90575,0.9918544112818749,0.960978670012547,0.6612528001770556,0.6406625867823429
0.008178734068816994,0.04485243799909949,0.9780625,0.918,0.9917611193621512,0.9648178289720797,0.6611958028192031,0.6431139428569776
0.007189495952858124,0.04256318386457861,0.9818125,0.92475,0.9928098036763786,0.9683801890927306,0.6618967562843685,0.645411938751447
0.006963023379910737,0.04362975705973804,0.983125,0.92625,0.9934828475423928,0.9687088480591961,0.6623486276126905,0.6456002354705507
0.007070624934276566,0.052581616327166555,0.9843125,0.916,0.9937956147342429,0.9640954947051821,0.6625537440830106,0.642516839841629
0.006236275223505799,0.03991704153164755,0.9863125,0.9395,0.9944366307235506,0.9736743136517487,0.6629838974898777,0.6490509491056089
0.0045755540410755205,0.059723112875683,0.99125,0.924,0.9962345515053982,0.9672841444270016,0.6641818178784985,0.6446223627338353
0.006893950978723296,0.09478641846776009,0.9861875,0.886,0.9944203929168686,0.9505470459518599,0.6629682505516005,0.6340433157901972
0.006969964341435116,0.052390233547776006,0.9860625,0.9315,0.9942183886492906,0.970912738214644,0.6628294255493423,0.6471607365072825
0.006956295955766109,0.06142326786229387,0.984625,0.913,0.9939528415394472,0.9611820686200852,0.662652482265596,0.640412777160635
0.006476530465297401,0.06274652763269842,0.985875,0.9215,0.994373769262026,0.9654221999498872,0.6629382668013079,0.6431657742148785
0.006736576871582656,0.054528540188563054,0.9875625,0.931,0.9949214782404875,0.970440881763527,0.6633025596016215,0.6467415335346551
0.005657338443706976,0.0772591262634378,0.989125,0.903,0.9955625,0.958341163941615,0.6637303558718486,0.6388648018493353
0.005931962506307172,0.060738956845831124,0.9900625,0.93175,0.9957184824051504,0.9702734839476813,0.6638340093568057,0.6467678014948203
0.008117957924889197,0.06416033332049846,0.9859375,0.9155,0.9942165812179568,0.9634734665747761,0.6628319921891973,0.6422392926331406
0.010064779052714584,0.06151177951321006,0.978,0.913,0.9913907595193825,0.9628700451580532,0.6609418451667678,0.6415714794622397
0.007629884224603302,0.07466924370452761,0.982875,0.90325,0.993450157102437,0.9578135773835642,0.6623226935707752,0.6385933284642942
0.005813820992851106,0.05373354416294023,0.9873125,0.934,0.9949379745648845,0.9711779448621554,0.6633179790105538,0.6473805105336247
0.0060206646440638,0.05923904603067785,0.9880625,0.9315,0.9951397896513463,0.969981826157799,0.6634440118892238,0.6465290179518548
0.005731350277605088,0.05864095441065729,0.9891875,0.92625,0.9954847277556441,0.9677702533233007,0.6636778645928987,0.6449706347230133
0.005791859775403281,0.055756209505430886,0.990125,0.93075,0.9957489372343086,0.9711062362895644,0.6638541899305316,0.6472710528446296
0.005162532439806455,0.07079192930459977,0.9916875,0.9235,0.9965154616622655,0.9657589984350547,0.6643619895055874,0.6437109570684505
0.005563497518629447,0.058345789266051724,0.991875,0.935,0.9963600006248926,0.9721280602636535,0.6642548697479708,0.6479969987745203
0.004636374334203538,0.05480689259106293,0.9936875,0.94225,0.9971091491522776,0.9750720280596267,0.6647572935004687,0.649951122942183
0.005017278167254062,0.061399690804071726,0.993875,0.93875,0.9971560722545159,0.9728611720463805,0.6647899916174017,0.648479346843274
0.0049790873506121896,0.0659633815921843,0.9935,0.934,0.997187324207763,0.9713605314282133,0.6648092352521059,0.6473906106390522
0.00452040856450958,0.06091058352647087,0.9943125,0.9365,0.9974531647943001,0.9727358194923221,0.6649875303682028,0.648310507233822
0.004585754001891928,0.06384902694448828,0.994,0.93375,0.997359416259121,0.9723111697118101,0.6649250196288948,0.6479518424154536
0.0045607865167239655,0.06813368886134413,0.9940625,0.938,0.99728125,0.9721839368500188,0.6648717646326773,0.648035049675076
0.004825485029648462,0.06442830608220539,0.994,0.93675,0.9972809101137642,0.9734269240411131,0.6648713731565162,0.6487783006768577
0.004937389861777319,0.06226833945217459,0.9941875,0.942,0.9972815048589194,0.9743107769423559,0.6648733145585325,0.6494492873199075
0.004689592030578296,0.0683438262754712,0.994875,0.93875,0.9976249257789306,0.9727158948685858,0.665099984305231,0.6483695528896186
0.005060322808310957,0.07555429995391932,0.9941875,0.934,0.9973591686850535,0.9709954269247635,0.6649231428198855,0.6470960208294904
0.004775038699669039,0.06479698556918083,0.994125,0.93825,0.9973906657708473,0.9740406320541761,0.6649435921907326,0.6492314097907568
0.004721898453683935,0.08830123394727707,0.9941875,0.92575,0.9973750820286866,0.9674097331240188,0.6649350864197782,0.644895372416238
0.004970669157861266,0.06810616347188625,0.994375,0.93825,0.9974060068131387,0.9737188734867968,0.6649528383752852,0.6489985081520868
0.0054866106205104185,0.06770314107090235,0.993125,0.93925,0.9969841393858895,0.9742141916054959,0.6646746791334697,0.6493611103651676
0.00482802397463297,0.07214905484125483,0.9940625,0.9375,0.9973436669895934,0.9721734770619203,0.664914859598545,0.6480060334974433
0.004918479293195787,0.0729511971026659,0.9938125,0.93625,0.9972967482850759,0.9722953491287452,0.6648800477610053,0.6481320089589152
0.0054469498762180135,0.06873734093760868,0.993125,0.939,0.997015764886021,0.9735489532405667,0.6646970967869356,0.6489452562596988
0.004866494717900423,0.063012352463149,0.9934375,0.941,0.9970780793449898,0.9749639204367195,0.6647369717996601,0.6498769985651847
0.004823038692492446,0.07091772256069817,0.9933125,0.936,0.9970936591768492,0.9721664994984955,0.6647463502161709,0.6479305799584051
0.004956653440191758,0.0722807224049102,0.9935625,0.94175,0.997125,0.9747962382445141,0.664768263559332,0.6497768864731743
0.004628048258655554,0.07256125631317992,0.9940625,0.93775,0.9973746718339792,0.9724345320135321,0.6649333031191803,0.6482327904798895
0.004517318468965414,0.07032837922401086,0.994,0.94075,0.9973125,0.9737485119979951,0.6648906257040857,0.6491705288809759
0.0041212029129910665,0.07117657904743828,0.9946875,0.938,0.9975311728491515,0.9730306071249373,0.6650365708272721,0.6485848712874963
0.004530361349869736,0.0681649333948626,0.9944375,0.94325,0.99740625,0.9749827575396577,0.6649548798293143,0.6499087680128818
0.004273313992032854,0.06995031911323894,0.994625,0.947,0.9975157414496195,0.976385844033824,0.665028386694252,0.6508425447980369
0.0041566840287489415,0.06847260473484584,0.9949375,0.94625,0.99771875,0.9760160310601791,0.6651615760060013,0.6506001922937447
0.004416464349584203,0.07133223996567539,0.9948125,0.9435,0.9976249257789306,0.9744360902255639,0.6650998267122369,0.6495344495485678
0.0043165050289494505,0.07167266358811684,0.9951875,0.94325,0.9977030891107673,0.9747351263243684,0.6651517006254513,0.6496952310595502
0.004234075174918985,0.07344536030413838,0.995125,0.94175,0.9976875,0.9738672682835119,0.6651406755943774,0.6491559405285372
0.0041980265631056,0.07193184874813778,0.9948125,0.946,0.9976094870552943,0.9755089257751332,0.6650899287027343,0.6502449218281563
0.004227270951498894,0.07210942307780534,0.9950625,0.94225,0.9977342687938497,0.9744392933216389,0.6651719855577187,0.6495582976739748
0.004099830413576342,0.07034985937359761,0.9950625,0.94225,0.9977188212868348,0.9744939524973366,0.6651624882357453,0.6495681642220539
0.004317016489512639,0.07345094587821041,0.9949375,0.942,0.997671620333474,0.9744168547780286,0.6651302364499256,0.6495120894659016
0.004356679614388668,0.07668589667195375,0.995125,0.941,0.9977344811961939,0.9731795964406568,0.6651719051825205,0.6486646036595013
0.00432934332779223,0.07706223959811359,0.9951875,0.93825,0.9977969094232902,0.9722413685067987,0.6652136640077047,0.6480438721267562
0.004479599670238941,0.07662409380434337,0.9948125,0.93975,0.9976094870552943,0.9732982324182023,0.6650889777671355,0.6487521075021407
0.004402604493572994,0.07521184046858526,0.994875,0.941,0.9976405881341895,0.9737353475835266,0.6651098745724551,0.6490426952705073
0.0044293298434157575,0.07769669515486749,0.995,0.94075,0.9976875722633668,0.9735588972431077,0.6651422198121896,0.648941487001218
0.004590623689055747,0.0745319730278752,0.9948125,0.94125,0.9976719113763848,0.9738803632947072,0.66512989913018,0.6491560319799069
0.004248741179291301,0.07480264473872375,0.995125,0.94175,0.9977814579883136,0.9739511584220413,0.665202197901992,0.6492209744816745
0.0046190266088302675,0.07438584862638163,0.995125,0.9405,0.9977343395990562,0.9733116150858289,0.6651713010414811,0.6487400946556218
0.004422374954988527,0.07748678153167975,0.995125,0.9395,0.9977344103998375,0.9728104247588022,0.6651724997206389,0.648428581146942
0.004697825652478912,0.0787897938769529,0.9950625,0.94,0.9977657995469104,0.9736132873707302,0.6651925160264524,0.6489594927700624
0.0046085671823109355,0.07955388476086955,0.9950625,0.93875,0.99775,0.9730542674520617,0.6651825276052296,0.6485699501746395
0.0046634498926189285,0.07941189919184398,0.995125,0.939,0.9978281589350166,0.973166144200627,0.6652342099303432,0.6486563021802407
0.004617969995694352,0.07971716009428201,0.9951875,0.93925,0.9977655900873451,0.9728172366278341,0.6651916095767196,0.6484286503691735
0.00448100349190878,0.07629702719169654,0.9945625,0.94075,0.99753125,0.9735655224254572,0.6650378374306152,0.6489257595519002
0.004515211422569734,0.07682911786137447,0.9953125,0.93925,0.9978122949026471,0.9730000626448663,0.6652233829377141,0.6485339937451264
0.004338005900709959,0.08121184898765205,0.99525,0.9385,0.9978280910639229,0.9724345320135321,0.6652341023439567,0.6481829269814215
0.0042964294883755085,0.0783863823526408,0.995,0.93625,0.997796840575634,0.9719227876660818,0.6652127159753093,0.6478312395555398
0.004156696576378806,0.08145605546509614,0.9950625,0.935,0.9977971159404441,0.971356941397681,0.6652131786502911,0.6474531121515288
0.004373428341799524,0.079757303565013,0.9950625,0.936,0.99771875,0.971854823544161,0.6651620049370003,0.6477845848813399
0.0044292660164719,0.08146962750813691,0.995375,0.93625,0.9978280910639229,0.9719192678951987,0.6652339273320933,0.6478126274915676
0.004239022143306897,0.08054222692031908,0.99525,0.9375,0.9978125,0.9722309283520341,0.6652230472879598,0.648024272480216
0.004286566600431001,0.07881564216731021,0.99525,0.93775,0.9977811113194575,0.9727797290516809,0.6652030518518408,0.6483883968388302
