train_acc,train_loss,train_macro_f1,train_micro_f1,val_acc,val_loss,val_macro_f1,val_micro_f1
0.38030596854126264,1.7808447658848696,0.3325254407824769,0.38030596854126264,0.4336206896551724,1.6790472145738273,0.3963475048825907,0.4336206896551724
0.515621633268692,1.412115352263201,0.5039999059182152,0.515621633268692,0.5586206896551724,1.334758368853865,0.5446479213979882,0.5586206896551724
0.5906054729584141,1.1912244415776376,0.583828989001269,0.5906054729584141,0.5818965517241379,1.259370388655827,0.5540613854809153,0.5818965517241379
0.6530920060331825,1.0256463469834298,0.6464479245196606,0.6530920060331825,0.5655172413793104,1.3334200793299182,0.5536439644742753,0.5655172413793104
0.7039431157078216,0.8888259272050354,0.6967383997503978,0.7039431157078216,0.6620689655172414,1.0687427348104017,0.6512208455049897,0.6620689655172414
0.748976513682396,0.7590792856193826,0.7446475909533701,0.748976513682396,0.6732758620689655,1.0414955106274835,0.6690564338804901,0.6732758620689655
0.7765567765567766,0.6521138201189359,0.7737828899297059,0.7765567765567766,0.6698275862068965,1.1217313223871692,0.6676772603279655,0.6698275862068965
0.8228829993535876,0.5438275465649846,0.8210335167845955,0.8228829993535876,0.6922413793103448,1.0555052732599193,0.6854485651125778,0.6922413793103448
0.8424908424908425,0.4621436129456783,0.8409244629910873,0.8424908424908425,0.6629310344827586,1.0779005782357578,0.6575370671755211,0.6629310344827586
0.867700926524456,0.39799812073287355,0.8661110321978533,0.867700926524456,0.7267241379310345,0.8830581808912343,0.7215407116443149,0.7267241379310345
0.8883861236802413,0.33250125734694586,0.887546487301196,0.8883861236802413,0.6525862068965518,1.2913505759732478,0.6360482821685034,0.6525862068965518
0.9153199741435035,0.2631848461025364,0.9139702000194114,0.9153199741435035,0.7698275862068965,0.8250078008092683,0.7725826901817432,0.7698275862068965
0.8993751346692523,0.28786407300969236,0.8981442622723316,0.8993751346692523,0.7577586206896552,0.8448444611039655,0.7629983454589864,0.7577586206896552
0.9286791639732817,0.2246032617544722,0.9296261496028482,0.9286791639732817,0.7301724137931035,1.0482852500060509,0.7329966961067153,0.7301724137931035
0.9256625727213963,0.22175372430307808,0.9242965745489717,0.9256625727213963,0.7241379310344828,0.9900672213784579,0.7340215835430111,0.7241379310344828
0.9321266968325792,0.20207221270172637,0.93237860333896,0.9321266968325792,0.656896551724138,1.5571484417750918,0.6439230516159806,0.656896551724138
0.9530273647920706,0.15103983414170558,0.9541171584753674,0.9530273647920706,0.7586206896551724,0.9546148858193694,0.7508292846439228,0.7586206896551724
0.9803921568627451,0.07065665292935083,0.9809610547059094,0.9803921568627451,0.8336206896551724,0.6216821519465282,0.832426939296743,0.8336206896551724
0.9909502262443439,0.03928961683978965,0.9914838456864518,0.9909502262443439,0.8224137931034483,0.6977287576116364,0.8233684745757873,0.8224137931034483
0.9924585218702866,0.034231540792539594,0.9927851947621228,0.9924585218702866,0.8336206896551724,0.6519882452899012,0.8319602840597187,0.8336206896551724
0.9926739926739927,0.03175170453451132,0.9934280512210029,0.9926739926739927,0.8189655172413793,0.7155323252595704,0.8200537101457259,0.8189655172413793
0.9931049342814049,0.026012862738132785,0.9938343855929798,0.9931049342814049,0.8198275862068966,0.7069851071670138,0.8176044824531749,0.8198275862068966
0.9909502262443439,0.029501684470773643,0.9914295237947947,0.9909502262443439,0.7931034482758621,0.9100054030788356,0.7939634942986227,0.7931034482758621
0.9939668174962293,0.020798380583993477,0.9943084512732996,0.9939668174962293,0.8422413793103448,0.6631026889743477,0.8429372046883898,0.8422413793103448
0.9965524671407024,0.013931184923615442,0.9970032972451763,0.9965524671407024,0.8396551724137931,0.6641300841652114,0.8378919565962436,0.8396551724137931
0.9974143503555268,0.011371498784996317,0.9977596041053438,0.9974143503555268,0.8491379310344828,0.6393139746682397,0.8484328067779916,0.8491379310344828
0.9980607627666451,0.009156738959158117,0.9983244090092278,0.9980607627666451,0.8422413793103448,0.6452479236084839,0.8420665935235313,0.8422413793103448
0.9959060547295842,0.01101599659700893,0.9963378616811678,0.9959060547295842,0.8439655172413794,0.6355096661838991,0.8424870824022687,0.8439655172413794
0.9976298211592329,0.00960207763763112,0.9979429297505218,0.9976298211592329,0.8422413793103448,0.650638048196661,0.8412254082891677,0.8422413793103448
0.9974143503555268,0.00770266041676563,0.9975713965181885,0.9974143503555268,0.8491379310344828,0.6178167565115567,0.8485979859684996,0.8491379310344828
0.9974143503555268,0.00823440081188068,0.9978536889691864,0.9974143503555268,0.85,0.6384930420538475,0.8477630254181587,0.85
0.997845291962939,0.00645183325070704,0.9981994140642392,0.997845291962939,0.8525862068965517,0.6616311432986424,0.8530149443029946,0.8525862068965517
0.9965524671407024,0.00898940273976177,0.9969816564420562,0.9965524671407024,0.843103448275862,0.6546917581352695,0.8423095369306252,0.843103448275862
0.9959060547295842,0.009391496444000199,0.9962294802310273,0.9959060547295842,0.8482758620689655,0.6969468856679982,0.8473251123679543,0.8482758620689655
0.9969834087481146,0.007560247235502618,0.997346912708791,0.9969834087481146,0.8413793103448276,0.6634779561182548,0.8402441204138975,0.8413793103448276
0.997845291962939,0.006962618394238095,0.9981634277269322,0.997845291962939,0.8379310344827586,0.6528499582718159,0.8359976643514777,0.8379310344827586
0.9974143503555268,0.006524088361658327,0.9978242487208672,0.9974143503555268,0.8474137931034482,0.6179218872867781,0.8460139631246939,0.8474137931034482
0.9976298211592329,0.00488652283455426,0.9980301038507691,0.9976298211592329,0.8405172413793104,0.5976706802845001,0.8393454416350578,0.8405172413793104
0.9976298211592329,0.005998827470476528,0.9980324236645612,0.9976298211592329,0.8456896551724138,0.636369630797156,0.8454441003100763,0.8456896551724138
0.997845291962939,0.005257611463769092,0.998179505050739,0.997845291962939,0.8482758620689655,0.6513927408333482,0.8479581785687433,0.8482758620689655
0.9976298211592329,0.00510269535741167,0.9980311487295058,0.9976298211592329,0.8491379310344828,0.656638151098942,0.8480464106768411,0.8491379310344828
0.9976298211592329,0.005175410532483868,0.9979520277906586,0.9976298211592329,0.8551724137931035,0.6219445719801147,0.8541644298068004,0.8551724137931035
0.997845291962939,0.005284435172143668,0.9980990588338997,0.997845291962939,0.8586206896551725,0.6333831067742972,0.857961566293209,0.8586206896551725
0.997845291962939,0.004178021494054353,0.9982110088830473,0.997845291962939,0.85,0.6465316994436856,0.8485742428200795,0.85
0.997845291962939,0.005123630471076464,0.9982121327495399,0.997845291962939,0.8543103448275862,0.6317501547007726,0.8515227099379633,0.8543103448275862
0.9974143503555268,0.004721234749422277,0.9978173600912464,0.9974143503555268,0.8560344827586207,0.6147835692455028,0.8548140279023115,0.8560344827586207
0.9976298211592329,0.004658690816085674,0.9980212128113715,0.9976298211592329,0.8482758620689655,0.6643998905502516,0.8486862735877642,0.8482758620689655
0.9982762335703512,0.0037195191663854264,0.9985673880573298,0.9982762335703512,0.8577586206896551,0.6201829603006099,0.8574587529306793,0.8577586206896551
0.9980607627666451,0.003860913302152996,0.9983649398503605,0.9980607627666451,0.8612068965517241,0.649040991170653,0.8607363482391988,0.8612068965517241
0.9984917043740573,0.004258977290603319,0.9987194995924137,0.9984917043740573,0.8603448275862069,0.6212601772670088,0.8602026276066356,0.8603448275862069
